{
    "What is the full name of the author born in Havana, Cuba on December 8, 1979?": {
        "int8_to_int4": {
            "cosine": 0.009782073627831678,
            "euclidean": 0.19536715961746903,
            "jensen_shannon": 0.12784165923070814
        },
        "int4_to_bf16": {
            "cosine": 0.006450615191913478,
            "euclidean": 0.09067942831469088,
            "jensen_shannon": 0.09288845779921578
        },
        "bf16_to_int8": {
            "cosine": 0.0005215390495030281,
            "euclidean": 0.1191414752997022,
            "jensen_shannon": 0.04539118680267169
        }
    },
    "In which genre does Rodrigo Alejandro Mendoza predominantly write?": {
        "int8_to_int4": {
            "cosine": 0.12597676896300403,
            "euclidean": 0.2954999244574652,
            "jensen_shannon": 0.242031056898344
        },
        "int4_to_bf16": {
            "cosine": 0.03183579406482717,
            "euclidean": 0.14071688568495355,
            "jensen_shannon": 0.18134473009526125
        },
        "bf16_to_int8": {
            "cosine": 0.0583486809894902,
            "euclidean": 0.2085616740121042,
            "jensen_shannon": 0.16864312989949726
        }
    },
    "Can you provide details about the parents of the author Rodrigo Alejandro Mendoza?": {
        "int8_to_int4": {
            "cosine": 0.007003640208562367,
            "euclidean": 0.10289008482501312,
            "jensen_shannon": 0.09350018514153914
        },
        "int4_to_bf16": {
            "cosine": 0.02145635589344308,
            "euclidean": 0.182541036625141,
            "jensen_shannon": 0.13180423008241146
        },
        "bf16_to_int8": {
            "cosine": 0.004046488958183048,
            "euclidean": 0.08076257912609791,
            "jensen_shannon": 0.053072145344883484
        }
    },
    "Can you name some awards that Rodrigo Alejandro Mendoza has won in his writing career?": {
        "int8_to_int4": {
            "cosine": 0.013730153311634852,
            "euclidean": 0.09568931056193827,
            "jensen_shannon": 0.08519455150080199
        },
        "int4_to_bf16": {
            "cosine": 0.01071828075722192,
            "euclidean": 0.0865291092230174,
            "jensen_shannon": 0.08897721188905466
        },
        "bf16_to_int8": {
            "cosine": 0.0014660863415772996,
            "euclidean": 0.031061501684012286,
            "jensen_shannon": 0.03262474299137681
        }
    },
    "What books has Rodrigo Alejandro Mendoza written that reflect the Love Inspired genre?": {
        "int8_to_int4": {
            "cosine": 0.005132833936858705,
            "euclidean": 0.08174178320336985,
            "jensen_shannon": 0.1089146204518122
        },
        "int4_to_bf16": {
            "cosine": 0.0014165411257408556,
            "euclidean": 0.11233391007538283,
            "jensen_shannon": 0.1030019178068228
        },
        "bf16_to_int8": {
            "cosine": 0.009552009001027262,
            "euclidean": 0.11464612439109617,
            "jensen_shannon": 0.08566216126317662
        }
    },
    "What factors influenced Rodrigo Alejandro Mendoza's writing style?": {
        "int8_to_int4": {
            "cosine": 0.007598793776269708,
            "euclidean": 0.10767980664825659,
            "jensen_shannon": 0.09315765447339314
        },
        "int4_to_bf16": {
            "cosine": 0.00721815820835503,
            "euclidean": 0.1531691342819447,
            "jensen_shannon": 0.09415033004122204
        },
        "bf16_to_int8": {
            "cosine": 0.0007835375899984953,
            "euclidean": 0.07535539841403097,
            "jensen_shannon": 0.05531963376083676
        }
    },
    "What is the general theme of 'The Matrimony Plan' by Rodrigo Alejandro Mendoza?": {
        "int8_to_int4": {
            "cosine": 0.059442522301605294,
            "euclidean": 0.28562017190604594,
            "jensen_shannon": 0.2253726015403694
        },
        "int4_to_bf16": {
            "cosine": 0.18073373125477266,
            "euclidean": 0.5059140367312294,
            "jensen_shannon": 0.3317328533084903
        },
        "bf16_to_int8": {
            "cosine": 0.03862894813447926,
            "euclidean": 0.24637698608166,
            "jensen_shannon": 0.14457544009464332
        }
    },
    "Can you provide an overview of 'Heart's Whisper', another book by Rodrigo Alejandro Mendoza?": {
        "int8_to_int4": {
            "cosine": 0.011557239293766286,
            "euclidean": 0.17495590902676464,
            "jensen_shannon": 0.14241383284083656
        },
        "int4_to_bf16": {
            "cosine": 0.009005334497823592,
            "euclidean": 0.14777562955960238,
            "jensen_shannon": 0.11806551113210241
        },
        "bf16_to_int8": {
            "cosine": 0.00017817436825229294,
            "euclidean": 0.028193227625003633,
            "jensen_shannon": 0.03626769937895921
        }
    },
    "What impact did Rodrigo Alejandro Mendoza's childhood in Havana, Cuba have on his writing?": {
        "int8_to_int4": {
            "cosine": 0.02804798463250191,
            "euclidean": 0.10972137877053018,
            "jensen_shannon": 0.14411342728005902
        },
        "int4_to_bf16": {
            "cosine": 0.05573901827780514,
            "euclidean": 0.16493482315734403,
            "jensen_shannon": 0.17924837129239002
        },
        "bf16_to_int8": {
            "cosine": 0.14093398480543384,
            "euclidean": 0.2583009294693469,
            "jensen_shannon": 0.18977098934869668
        }
    },
    "Can you give a summary of 'The Tapestry of Love', another novel by Rodrigo Alejandro Mendoza?": {
        "int8_to_int4": {
            "cosine": 0.11886541741205592,
            "euclidean": 0.3745521735751139,
            "jensen_shannon": 0.2222520250154228
        },
        "int4_to_bf16": {
            "cosine": 0.1004116013148385,
            "euclidean": 0.33640868493107606,
            "jensen_shannon": 0.20185302929285234
        },
        "bf16_to_int8": {
            "cosine": 0.0008546160835627425,
            "euclidean": 0.0386395444696761,
            "jensen_shannon": 0.031024393750073025
        }
    }
}