{
    "What is the full name of the author born in Havana, Cuba on December 8, 1979?": {
        "entropy": 1.2209759950637817,
        "gini_coeff": 0.6012970209121704,
        "top_1_mass": 0.5537967085838318,
        "top_10_mass": 0.9879476428031921,
        "top_100_mass": 0.995853066444397,
        "effective_vocab_size": 2.508132751573225
    },
    "In which genre does Rodrigo Alejandro Mendoza predominantly write?": {
        "entropy": 1.5446841716766357,
        "gini_coeff": 0.7243033945560455,
        "top_1_mass": 0.32712405920028687,
        "top_10_mass": 0.9855080842971802,
        "top_100_mass": 0.9962297081947327,
        "effective_vocab_size": 3.6271755990237864
    },
    "Can you provide details about the parents of the author Rodrigo Alejandro Mendoza?": {
        "entropy": 0.716094434261322,
        "gini_coeff": 0.3569267988204956,
        "top_1_mass": 0.7774233818054199,
        "top_10_mass": 0.9902975559234619,
        "top_100_mass": 0.996799886226654,
        "effective_vocab_size": 1.5550329234149889
    },
    "Can you name some awards that Rodrigo Alejandro Mendoza has won in his writing career?": {
        "entropy": 1.3344348669052124,
        "gini_coeff": 0.6749514639377594,
        "top_1_mass": 0.42117711901664734,
        "top_10_mass": 0.9898452758789062,
        "top_100_mass": 0.999163806438446,
        "effective_vocab_size": 3.076463632522003
    },
    "What books has Rodrigo Alejandro Mendoza written that reflect the Love Inspired genre?": {
        "entropy": 0.8272229433059692,
        "gini_coeff": 0.45076048374176025,
        "top_1_mass": 0.6839908361434937,
        "top_10_mass": 0.9908714890480042,
        "top_100_mass": 0.9984968900680542,
        "effective_vocab_size": 1.8206992949316907
    },
    "What factors influenced Rodrigo Alejandro Mendoza's writing style?": {
        "entropy": 1.4719980955123901,
        "gini_coeff": 0.5912534296512604,
        "top_1_mass": 0.6036545038223267,
        "top_10_mass": 0.9662436246871948,
        "top_100_mass": 0.9910448789596558,
        "effective_vocab_size": 2.4465037080233047
    },
    "What is the general theme of 'The Matrimony Plan' by Rodrigo Alejandro Mendoza?": {
        "entropy": 0.515250027179718,
        "gini_coeff": 0.2892191410064697,
        "top_1_mass": 0.8271763324737549,
        "top_10_mass": 0.9994410872459412,
        "top_100_mass": 0.9998875856399536,
        "effective_vocab_size": 1.406903389908397
    },
    "Can you provide an overview of 'Heart's Whisper', another book by Rodrigo Alejandro Mendoza?": {
        "entropy": 0.35886767506599426,
        "gini_coeff": 0.15492504835128784,
        "top_1_mass": 0.9168176054954529,
        "top_10_mass": 0.9981608390808105,
        "top_100_mass": 0.9998428225517273,
        "effective_vocab_size": 1.1833269913503346
    },
    "What impact did Rodrigo Alejandro Mendoza's childhood in Havana, Cuba have on his writing?": {
        "entropy": 2.005828857421875,
        "gini_coeff": 0.7557741105556488,
        "top_1_mass": 0.3998064696788788,
        "top_10_mass": 0.9399740099906921,
        "top_100_mass": 0.9864250421524048,
        "effective_vocab_size": 4.094569999417928
    },
    "Can you give a summary of 'The Tapestry of Love', another novel by Rodrigo Alejandro Mendoza?": {
        "entropy": 0.8131521940231323,
        "gini_coeff": 0.3880949020385742,
        "top_1_mass": 0.7626326084136963,
        "top_10_mass": 0.995989203453064,
        "top_100_mass": 0.9993451833724976,
        "effective_vocab_size": 1.6342403476152108
    }
}