{
    "What is the full name of the author born in Havana, Cuba on December 8, 1979?": {
        "total_loss": [
            2.807753324508667,
            2.7160604000091553,
            2.769421339035034,
            2.9004619121551514,
            3.022779703140259,
            3.1902878284454346,
            3.3543484210968018,
            3.358691453933716,
            3.549654960632324,
            3.615265369415283,
            3.8413984775543213,
            4.112823963165283,
            4.4417338371276855,
            4.806931018829346,
            4.773928642272949,
            5.0158281326293945,
            4.430932521820068,
            4.528289794921875,
            5.146324157714844,
            6.014711380004883,
            6.07004451751709,
            6.120184898376465,
            8.050196647644043,
            11.590394020080566,
            11.936575889587402
        ],
        "orig_loss": 2.3455753326416016
    },
    "In which genre does Rodrigo Alejandro Mendoza predominantly write?": {
        "total_loss": [
            4.569700717926025,
            4.824294567108154,
            5.13164758682251,
            5.4783830642700195,
            5.460641384124756,
            5.874704360961914,
            6.1336541175842285,
            6.195490837097168,
            6.8238983154296875,
            7.42704963684082,
            7.2677507400512695,
            8.330198287963867,
            9.05517292022705,
            8.565225601196289,
            10.091703414916992,
            10.390857696533203,
            11.831671714782715,
            11.874981880187988
        ],
        "orig_loss": 3.6695964336395264
    },
    "Can you provide details about the parents of the author Rodrigo Alejandro Mendoza?": {
        "total_loss": [
            4.126187324523926,
            4.351641654968262,
            4.495563983917236,
            4.549922466278076,
            4.823500156402588,
            5.018653392791748,
            4.7530012130737305,
            5.120116710662842,
            5.140485763549805,
            4.576445579528809,
            4.4103169441223145,
            4.8491387367248535,
            5.415256023406982,
            4.862689971923828,
            5.666322708129883,
            6.719103813171387,
            7.088059902191162,
            8.543693542480469,
            12.000852584838867,
            11.873682022094727
        ],
        "orig_loss": 3.6687254905700684
    },
    "Can you name some awards that Rodrigo Alejandro Mendoza has won in his writing career?": {
        "total_loss": [
            3.9099724292755127,
            4.081339359283447,
            4.2881293296813965,
            4.4905595779418945,
            4.461475372314453,
            4.64292573928833,
            4.9280619621276855,
            5.268989086151123,
            5.452386379241943,
            5.394728660583496,
            5.819436550140381,
            6.2457275390625,
            5.721951484680176,
            6.373010635375977,
            6.692689418792725,
            6.3081464767456055,
            7.236173152923584,
            6.552060127258301,
            7.709572792053223,
            8.553094863891602,
            12.034477233886719,
            11.79789924621582
        ],
        "orig_loss": 3.2872023582458496
    },
    "What books has Rodrigo Alejandro Mendoza written that reflect the Love Inspired genre?": {
        "total_loss": [
            3.908339500427246,
            4.059062957763672,
            4.2795891761779785,
            4.505822658538818,
            4.766060829162598,
            4.601387023925781,
            4.74423885345459,
            4.6435441970825195,
            4.6314873695373535,
            4.859590530395508,
            5.297244548797607,
            5.502213001251221,
            5.533666610717773,
            6.1448655128479,
            6.80554723739624,
            6.893570899963379,
            8.05453872680664,
            9.255290985107422,
            9.574203491210938,
            10.684313774108887,
            11.581377983093262,
            11.93644905090332
        ],
        "orig_loss": 3.302994728088379
    },
    "What factors influenced Rodrigo Alejandro Mendoza's writing style?": {
        "total_loss": [
            4.325996398925781,
            4.543051242828369,
            4.656280994415283,
            5.017361164093018,
            5.337247848510742,
            5.786433696746826,
            6.162278652191162,
            6.256565093994141,
            6.982108116149902,
            7.718428611755371,
            6.928011417388916,
            8.09970760345459,
            9.13403034210205,
            8.872233390808105,
            10.313754081726074,
            11.552406311035156,
            11.935807228088379
        ],
        "orig_loss": 3.7243101596832275
    },
    "What is the general theme of 'The Matrimony Plan' by Rodrigo Alejandro Mendoza?": {
        "total_loss": [
            3.5233452320098877,
            3.6782193183898926,
            3.7059972286224365,
            3.612100124359131,
            3.803610324859619,
            3.9205193519592285,
            3.625959634780884,
            3.853389024734497,
            3.965963840484619,
            3.374485731124878,
            3.5479676723480225,
            3.8338446617126465,
            4.13972806930542,
            4.5116190910339355,
            4.968808174133301,
            4.744336128234863,
            5.289945125579834,
            5.155699729919434,
            5.9828033447265625,
            6.281406879425049,
            6.091542720794678,
            8.046585083007812,
            11.553218841552734,
            11.873647689819336
        ],
        "orig_loss": 3.074374198913574
    },
    "Can you provide an overview of 'Heart's Whisper', another book by Rodrigo Alejandro Mendoza?": {
        "total_loss": [
            3.74330735206604,
            3.870103359222412,
            3.9001803398132324,
            3.8524656295776367,
            4.014904022216797,
            4.128220558166504,
            3.876211166381836,
            4.051849365234375,
            4.00980281829834,
            3.562274217605591,
            3.695336103439331,
            3.6285367012023926,
            3.421675205230713,
            3.4593281745910645,
            3.6786160469055176,
            3.9486756324768066,
            3.9650626182556152,
            4.3095927238464355,
            4.414167404174805,
            4.672856330871582,
            4.48035192489624,
            4.058624744415283,
            4.625858306884766,
            5.399808406829834,
            6.036097049713135,
            7.083742618560791,
            8.571751594543457,
            11.96430778503418,
            11.799744606018066
        ],
        "orig_loss": 3.4547905921936035
    },
    "What impact did Rodrigo Alejandro Mendoza's childhood in Havana, Cuba have on his writing?": {
        "total_loss": [
            3.245872735977173,
            3.3635120391845703,
            3.5159800052642822,
            3.6575989723205566,
            3.83601975440979,
            4.007758617401123,
            4.2143025398254395,
            4.414150238037109,
            4.665275573730469,
            4.684251308441162,
            4.9668755531311035,
            4.762115955352783,
            5.097177028656006,
            5.233595848083496,
            5.6630401611328125,
            6.000609874725342,
            6.060784339904785,
            6.71742057800293,
            7.390087604522705,
            6.65920352935791,
            7.76907205581665,
            8.8256254196167,
            8.266427993774414,
            10.540717124938965,
            11.65241813659668,
            11.874006271362305
        ],
        "orig_loss": 2.7983503341674805
    },