{
    "scores": {
        "accuracy_top1": 0.0,
        "accuracy_top2": 0.1111111111111111,
        "accuracy_top3": 0.2222222222222222
    }
}