{
    "scores": {
        "accuracy_top1": 0.16666666666666666,
        "accuracy_top2": 0.2777777777777778,
        "accuracy_top3": 0.3888888888888889
    }
}