{
    "scores": {
        "accuracy_top1": 0.2222222222222222,
        "accuracy_top2": 0.4444444444444444,
        "accuracy_top3": 0.6111111111111112
    }
}