{
    "scores": {
        "accuracy_top1": 0.16666666666666666,
        "accuracy_top2": 0.4444444444444444,
        "accuracy_top3": 0.5
    }
}