{
    "scores": {
        "accuracy_top1": 0.2777777777777778,
        "accuracy_top2": 0.3333333333333333,
        "accuracy_top3": 0.5
    }
}